<beans xmlns="http://www.springframework.org/schema/beans"
	xmlns:context="http://www.springframework.org/schema/context"
	 xmlns:tx="http://www.springframework.org/schema/tx"
	xmlns:aop="http://www.springframework.org/schema/aop" 
	xmlns:xsi="http://www.w3.org/2001/XMLSchema-instance"
	xsi:schemaLocation="
   http://www.springframework.org/schema/beans     
   http://www.springframework.org/schema/beans/spring-beans-4.3.xsd
   http://www.springframework.org/schema/context 
   http://www.springframework.org/schema/context/spring-context-4.3.xsd">
<!-- 
<bean id="address" class="com.cg.beans.Address">
	<property name="pincode" value="80000"/>
	<property name="city" value="Hyderabad"/>
	<property name="state" value="Telangana"/>
</bean>
<bean id="account" class="com.cg.beans.Account">
	<property name="accountNo" value="800008"/>
	<property name="accountBalance" value="10000000"/>
	<property name="address" ref="address"/>
</bean> -->
<bean id="address" class="com.cg.beans.Address">
	<constructor-arg name="pincode" value="80000"/>
	<constructor-arg name="city" value="Hyderabad"/>
	<constructor-arg name="state" value="Telangana"/>
</bean>
<bean id="account" class="com.cg.beans.Account" scope="prototype">
	<constructor-arg name="accountNo" value="800008"/>
	<constructor-arg name="accountBalance" value="10000000"/>
	<constructor-arg name="address" ref="address"/>
</bean>
<context:component-scan base-package="com.cg"></context:component-scan>
</beans>